<!DOCTYPE html PUBLIC "-//W3C//DTD XHTML 1.0 Transitional//EN" "http://www.w3.org/TR/xhtml1/DTD/xhtml1-transitional.dtd">
<html><head><meta http-equiv="Content-Type" content="text/html; charset=UTF-8"><title>Яндекс.Вебмайстер
    - Валідатор мікророзмітки</title><meta name="keywords" content="мікроформати, schema.org, мікророзмітка, мікродані, семантична розмітка, hcard, hrecipe, vcard, hproduct, hreview"><meta name="description" content="Перевірка правильності мікроформатів і мікроданих, розміщених на вашому сайті. Використання спеціальної розмітки дозволяє вам впливати на зовнішній вигляд вашого сайту в результатах пошуку, брати участь у тематичних сервісах."><meta http-equiv="X-UA-Compatible" content="IE=EmulateIE7"><link rel="shortcut icon" href="/favicon.ico"><!--[if gt IE 7]><!--><link rel="stylesheet" href="/_c/css/webmaster.ca458ce9811caabcb17abe363b44e518.css"><!--<![endif]--><!--[if lt IE 10]><link rel="stylesheet" href="/_c/css/webmaster.ie.5f12c8538b210f4d9cee72a96cbcebc2.css"
    ><![endif]--><script type="text/javascript" charset="utf-8" src="//yandex.st/jquery/1.7.2/jquery.min.js"></script><script type="text/javascript" charset="utf-8" src="//yandex.st/lego/2.3-54/common/js/_common.js"></script><script type="text/javascript" charset="utf-8" src="/_c/js/webmaster.fd415a2273eb0081339ca7ecf6fafd04.js"></script><script type="text/javascript" charset="utf-8" src="//yandex.st/lego/2.7-70/blocks/i-messages/_messages.uk.js"></script><script type="text/javascript">//<!--
var docElem = document.documentElement;docElem.id = 'js';document.compatMode != "CSS1Compat" && (docElem.className += ' quirks');
//--></script><script type="text/javascript">//<!--
Lego.init({login:'',locale:'uk',id:'webmaster','lego-static-host':'\/\/yandex.st\/lego\/2.7-70','yandexuid':'','passport-host':'http:\/\/passport.yandex.ru','retpath':'http:\/\/webmaster.yandex.ua','passport-msg':'webmaster','social-host':'\/\/social.yandex.ua','lego-path':'\/lego','pass-host':'http:\/\/pass.yandex.ua', oframebust: {}})
//--></script><script charset="utf-8" type="text/javascript">

        mvc.map("mvc-modules",[["jsmd5","path"],["add-site-wizard","e7f8296f7c1ebaabebae6b89b92caeca","mvc","connect-service","1e7fd7a806aa880ca0896d7b6865d0f8","mvc","connect","7f2aaee01343ab1455c8ae90a94ace87","mvc","index","d8772b92e629ff50a9ce4a7c869a9548","mvc","microvalidator","4cc0d5e006a27ca23f6cd2abc723fb30","mvc","morda-noauth","6a422875094eda3ade6a28a1d534a481","mvc","page","795e38997192f0b2c559ea2d6d71929b","mvc","popup","0c0a1a4d83ca8dda4e7226afc8f43f13","mvc","quicklinks","91f567ae186c310f9db7036538b9a4dc","mvc","requests-settings","13f8d2f2ac46321c1ff8f1d8fc1fc63c","mvc","services","3cd94159b5c5ce19b192a5ff60504561","mvc","settings-errors","c6924d041ea8cd995ff3cbd68385465f","mvc","settings-forwarding","9e1f1122a41f9e737d8442e182f74a09","mvc","site-feedback","0040d8d526c6f6e13761a8f429899bc0","mvc","support-blocked","dabeca330f9fb99922b4314cbcc4c9de","mvc","update-in-progress-warning","9789697a991a989936b8743b284e7155","mvc","virus-chained","56a4db304c73615612f4f47c86b32c7b","mvc","wizard-connector","af55f1249dfb212c779e0400df91ad8e","mvc","wsw-auto-check","992e457f7ae98e5cdd6a89c46d8cbd38","mvc","wsw-click-history","32f25af4eedc68099c13d9420c31df04","mvc","wsw-description","984e172d33c7529807c70f986d4d6c4b","mvc","wsw-feed-report","317eb5d44f7a3db8d725a44491e69903","mvc","wsw-hand-check","83d8ce35b458980b2d9c822d61cb0289","mvc","wsw-index-report","94e7af0d7c97a5224c01feed736e0111","mvc","wsw-report","a71e72938fcb7ba0f94486dd98d28d86","mvc","wsw-status","50d19c9d5f4ec72d871cb45e111b1489","mvc","wsw_oferta","9d46f9a95e31cab1f5a22de59737afd1","mvc","wsw_service","59d9e0f642bb68be93469d2a958d7356","mvc","wsw_tasks","7a2ec6f67134e07c5f3f3bf8271083da","mvc","wsw_wizard","5b754c4c6560820fda2e301db8a12c44","mvc","wsw_wizard_types","41ddd51125dbb819ffeeacd81cdde161","mvc","xsdvalidator","40625547dd45c83f32d24fc077508447","mvc",null]]);
mvc.map("mvc-views",[["jsmd5","cssmd5","path"],["add-site-wizard","56a3da2e65954da17dbb0a14eaf3ad34","7204021a21015e1ad407af00b5f90672","mvc","b-captcha","3d73fb37983bcff830b3b52254a08ad7","","mvc","b-menu","abecd1119c7201ce4b98f4ab97014c22","e2419c4008b91cd1a3ff3d6f4d5eb4db","mvc","b-promo-tabs","36412233f4d0de0bc37f73cd72342106","","mvc","b-video-teaser","5d652f3a96733354d74d74381aa54bde","68c23b458e2ed500566dd21c52d7585f","mvc","connect","b59960f620eff448aaa12455d331bc15","8afbeff04f3e1db1877920074194a69e","mvc","connect-service","30935f8e31857b06666059fcbe0ca2c6","350de7795d6b2fc7e9019e759de19523","mvc","errors","35772d7b2c5300728a1921bc7b3786e2","d97ce3926c9b0d14394ef3aba14cca3a","mvc","feedback","ee9bf801dee20846cf712c4e06bf752f","","mvc","loader","413db6cf873142f21302d9deceee4adb","b6b5b6fb9b276731a3c7afaadff64011","mvc","microvalidator","f9065935c89529e80a50d60ba5378891","89b12f48fbcbe3b4c4c7e4d0dce42c16","mvc","morda-noauth","fff86ca41b7f0a190ed3297d9b6f9d7c","935b921f881aca85bc8a043c8083b1cb","mvc","page","b8755d4754b15cbe72db3c940680ce57","cc70a0fdfa5fbe2110d482efee3a9e67","mvc","quicklinks","6fa54671b50a036acfbf533555aef63a","aa74cf51eb48b14f0b1047b48564bacd","mvc","settings","efbd1dc38f37f721d4d5355b7ce753da","378e0e08f430ec5a54ee1c843267759d","mvc","virus","2c81173a6910a28864b25bc596bca8eb","f0b90e9382be0086f6d75272d31eb243","mvc","wsw-feed","82a85788fb4196f7defc0a2c790ac513","d3d7425dc1bbd1cc7d6d9d1e271ae1a5","mvc","wsw-oferta","3f3644f2cffb0e256e8d1ab0d6709a1b","4c27797e0c271b9f3707d1361237e9cb","mvc","wsw-originals","87908d16d1ac29f1874d22f21e705cbf","2db004b697c612456f6d4038d74fd823","mvc","wsw-report","8e574190670a02d076ee11fa8cabcaa1","8a51e29741fe5c71558b55a6a161cdeb","mvc","xsdvalidator","c713add345840dc0f892a592071898d2","17da59f358d296831ab5818210514f91","mvc","b-button","902ebf0acba7dbe980c89043f75b55cb","e0f81664cc74045ce13de8f8b11d6384","mvc\/common\/mvc","b-form-radio","9ad91592642c40ad5ad0460ffcdd5694","","mvc\/common\/mvc","b-form-tabs","dad9473b68b1c344e19d0e11045e4246","","mvc\/common\/mvc","b-hint","a248ade4bd438be4f136ddb3240c980b","8bd9fb7b86bc6d6ec8e7dc14f9e85098","mvc\/common\/mvc","b-pager","4e41bf335959438b3de2e0d9f5f73ade","0f26c80d613fa811c36589a2fa0a1586","mvc\/common\/mvc","b-popup","b4dbe082bc5c4de9253c6b9c3cd9413c","6b0a94e7e1a701bee11c4f481d806604","mvc\/common\/mvc","b-tabbed-pane","2f636b63cc87a6fef82d2035bf347c8f","59976f519a560681a0f6da585e1f929b","mvc\/common\/mvc","b-table","0d8744d4d71facd1eae26fbaa2eee477","3929a7e33e87e77a4963d7b348bb38b8","mvc\/common\/mvc",null]]);
mvc.obj("mvc-config",[["get-static-path","view-builder-path","module-timeout-ms","view-timeout-ms","i18n-path"],["mvc-config","\/mvc\/tools\/mvc.static.xml","\/mvc\/tools\/mvc.view.xml",60000,60000,"\/i18n",null]]);
$(mvc).trigger("mvc:dataLoad:mvc.resources");

    

        mvc.map("mvc-i18n",[["md5"],["webmaster.downloads","e56f1f57383738764834ee91a9001141","webmaster.support_index","ac63458e6d72157df05dea03e1650544","webmaster.vocabularies_review_business","097abf8c98381b0d01532e215e6403e5","webmaster.settings_messages_types","20a51442c7050fcff9de49334679b48d","webmaster.site_mainmirror","ab30f6611e47cea276b0e8d9a54f67eb","webmaster.support_b-sitemap-validator","ff0d26ba7d54075e17ce96638bc8d14a","webmaster.subscription","dd2fe70d272496d10ebe007c861d5e05","webmaster.site_errors","7711aa354b2aad8cc9fcf716b77dce1f","webmaster.support_staff","0c63ed6d6983301209f708eb76c89d27","webmaster.wizards","3aa55edd2492b89db6df1f448712315c","webmaster.email","d56bd0a807d58621d08683449ac912be","webmaster.site_region","81430080a650d016f914e45bc444840c","webmaster.site_index-history_httpcodes","ddc3d205978027e61d880c0694f2631d","webmaster.site_add","641186146caf070fbd69ea52cf9d55e3","webmaster.add_site_wizard","f49adbca10aa7e30d2c36c0f5e7ccdd2","webmaster.site_requests_history","aa00c8acf6cf1e7da917a77eae6ed83d","webmaster.server-response","3572f5d748fc5250447a4b4984402ca4","webmaster.site_info","43857c47cff8042e6dccf683092a8b10","webmaster.common-errors_help","fcf1ce344c315bdb092dfbd2ee1e36d9","webmaster.support_reset_robotstxt","fee65d72685762a8aff4834c5976cf6c","webmaster.verification_status","77b0ec3bf970e94d519aa2055a122271","webmaster.menu","a8b1ee80b003544c6eb1703ca0461d8b","webmaster.compare-regions","b33a4f43e159ec193c90bcc5f5c57b4a","webmaster.common-services","2fb444709e3781c3d88fe00245680886","tanker.dynamic","67ad53f0af6c5f088927f6a61d6616ee","webmaster.spellcheck","7d9276453f10dd0dace9c3fbe159cbe5","webmaster.support_crawl","be16335dfa1d0668042ddfea2c1954c0","webmaster.microtest-backend","4221af36ffd0910b164a1833c73cde20","webmaster.site_indexed_pages","f230376aae35e232a233e2b019e19a6d","webmaster.verification_types","d6e47e40dd81f78d6790b5694406aad4","webmaster.support_messages","03e532eafb72b5660efee43d133cc687","webmaster.sitemaptest","eaaf8cba24922a0125e2fdd2b005b86e","webmaster.site_quicklinks","3ef016220739140998e4a8c674a8f2f6","webmaster.site_feedback","c5199690ac7ac4b8ea4d96dd2d838f89","webmaster.faq","2c332839430f1de59a665048478d90e8","webmaster.support_logs","6216adfb3c75f42ae8cb2c5b55cfdd8e","webmaster.menu_settings","71b6aa5cd179d154951e2e92487dc13a","webmaster.index","e7b6ab8701ccae0e72ee3fd8a7240b81","webmaster.addurl","246fd99cfff958b61805e720d1fcf410","webmaster.site_index-history_amount","145f20fbefca05cfd40504fe7b5a4bb8","webmaster.menu-noauth","e38e490ccd413380dd2c1d3d227018a1","webmaster.vocabularies","75f5434c4ac07a5a7da48133fa8a4993","webmaster.support_stat","f3db64234ef6f15f356d8e9a0e87fd85","webmaster.support_kpi","bf3f4fc840624e5b50eb93c77ab7c87d","webmaster.widgets","1bf0ac4e05cc254203f44de72405773d","webmaster.settings_errors","1827fe96ea768138f2ae826e65fdc279","webmaster.checkurl","b81b9d515a10407ef9b2027cca9af9bf","webmaster.site_check_url","9b7639cec286217097c53719d8e46800","webmaster.settings_offline_links","b89cf1873f8d6f75702a1110f71270b0","webmaster.site_internal_links","afec1c6c81ee4e17c42d9e8a752ee3a2","webmaster.settings_forwarding","7a584c66493761927ef120e73fc5a986","webmaster.learn_more","6d62323f0dac8bd113e079e02d9cf3e2","webmaster.site_map","6f41bde8b7709b8ed26d385fe41e5a9f","webmaster.common-errors","a640b9b103ca061a6a3398a6a5c7534e","webmaster.site_index","3daa32cf715eb235a57d24f7fbe96474","webmaster.site_namecase","6d7e2dcacec96b2b469c9c208f3c3fde","webmaster.settings_feedback_confirmation","6c93503d1bfde4e109bef6ce6dc61957","webmaster.common","c44c0b042cdf3a1dfa883b7bf4972f65","webmaster.site_links_from","c7351bf44897711a68b84141c9fd2b49","webmaster.settings_errors_options","9bca19649c73d98dbfc8e490ed90d8d5","webmaster.site_requests_top","74ad9f6a86d8b7289ec939b12c861222","webmaster.microtest","327e83bc18d5fab314f914497bd6c1ea","webmaster.site_indexed_links","d7c23c3edb858b45bd66a3de363c4a58","webmaster.support_graphics","161d5122775fa9dd791b08de958c1a1f","webmaster.delspam","e309410f4d10bbb2e366d533625c4a5f","webmaster.site_interactive-answers","273f27201633d5fe7a411504e62a697d","webmaster.support_menu","b791f84e7b00e34f2c3528ae2e47cb76","webmaster.meta","d05e1562c0825c1164ef7c06326539b1","webmaster.messages","53a6317cecf333a3c84c2252161d05e3","webmaster.support_reindex","b127c28e54b260eb02835d149f1c1cb8","webmaster.delurl","0f21f1bf56e3ccd0dc09dd23cad28403","webmaster.connect","49ae408b3d89d989dde9f8702ad56922","webmaster.support_hosts","98fda91933d2ced390f4fa48963894be","webmaster.xsdtest","245ed21b997e7b1ec589cf94648dd5c6","webmaster.settings_main","658d9753d0b228f5f94e9eba2b8d92b1","webmaster.public-robots-txt","96f9f10e25fa662f74e0ab6c50abbd2b","webmaster.site_index-history_graphs","66d678bae11a47f367aa180e1e68ac70","webmaster.site_virused","74758b33df5c4426ce52165b9fd790e6","webmaster.site_my_requests","0a9f13ca7de3657738165518a885d6b0","webmaster.support_blocked_users","8da71d73e42174e0f6b911a12cffeed0","webmaster.site_verification","4055bc9494249fc3f7ebf1f77853782b","webmaster.robots-txt","3323b8711d9aeed0a6e7746f6b80998b","webmaster.site_structure","f0216536cac4cc60e01a59fdfd107d7d","webmaster.site_my_regions","7fbe71a0a02cff986723900d5a360b08",null]]);
$(mvc).trigger("mvc:dataLoad:i18n.uk");

    $(mvc).trigger("mvc:resources");</script></head><body class="b-page i-bem" onclick='return {"b-page":{"packageVersion":"1.0-1020","sk":"yee85894989c6c8e06cbe759e082c9b15"}};'><div class="mvc-events-handler"><i class="b-statcounter">
      <i style="background:url(//www.tns-counter.ru/V13a****yandex_ru/ru/CP1251/tmsec=yandex_webmaster/0)"></i>
      <img alt="" src="//yandexgaua.hit.gemius.pl/redot.gif?id=">
    </i><span style="display:none" class="i-metrika i-metrika_type_js g-js" onclick="return {name:'i-metrika',counter:723120}"></span><noscript><img src="//mc.yandex.ru/watch/723120" style="position:absolute" alt=""></noscript><table class="l-head"><tr><td class="l-head__g"><i class="l-head__gap"></i></td><td class="l-head__l"><div class="b-head-logo" role="header"><div class="b-head-logo__logo"><a class="b-head-logo__link" href="http://www.yandex.ua"><img class="b-head-logo__img" border="0" alt="Яндекс" src="//yandex.st/lego/_/X31pO5JJJKEifJ7sfvuf3mGeD_8.png"></a></div></div></td><td class="l-head__gl"><i class="l-head__gap"></i></td><td class="l-head__c"><!--noindex--><table class="b-head-tabs g-js" onclick="return {name:'b-head-tabs','default':''}" role="navigate"><tr><td class="b-head-tabs__item b-head-tabs__tab"><strong><a class="b-link b-head-tabs__link" href="http://webmaster.yandex.ru">Вебмайстер</a></strong></td><td class="b-head-tabs__item b-head-tabs__tab"><a class="b-link b-head-tabs__link" href="http://metrika.yandex.ru">Метрика</a></td><td class="b-head-tabs__item b-head-tabs__tab"><a class="b-link b-head-tabs__link" href="http://wdgt.yandex.ru">Віджети</a></td><td class="b-head-tabs__item b-head-tabs__tab"><a class="b-link b-head-tabs__link" href="http://partner.yandex.ru">Рекламна мережа</a></td><td class="b-head-tabs__item b-head-tabs__tab"><a class="b-link b-head-tabs__link" href="http://direct.yandex.ua">Директ</a></td><td class="b-head-tabs__item b-head-tabs__tab"><a class="b-link b-head-tabs__link" href="http://site.yandex.ru">Пошук для сайту</a></td><td class="b-head-tabs__item b-head-tabs__tab"><a class="b-link b-head-tabs__link" href="http://api.yandex.ru">API</a></td><td class="b-head-tabs__tab b-head-tabs__more"><div class="b-dropdowna b-dropdowna_is-bem_yes b-dropdowna_direction_down i-bem" onclick="return {'b-dropdowna':{name:'b-dropdowna'}}">
              <span class="b-dropdowna__switcher">
                <span class="b-pseudo-link b-pseudo-link_is-bem_yes i-bem" onclick="return {'b-pseudo-link':{name:'b-pseudo-link'}}">ще</span>
              </span>
              
              <div class="b-popupa b-popupa_theme_ffffff b-popupa_direction_down b-popupa_is-bem_yes i-bem b-dropdowna__popup" onclick="return {'b-popupa':{name:'b-popupa'}}"><i class="b-popupa__tail"><i class="b-popupa__tail-i"></i></i><i class="b-popupa__shadow"></i><table class="b-popupa__wrap" cellpadding="0" cellspacing="0"><tr><td class="b-popupa__wrap-cell"><div class="b-popupa__content">
                  <div class="b-menu b-menu_layout_vert b-menu_preset_vmenu"><ul class="b-menu__layout-vert"><li class="b-menu__layout-vert-cell b-menu__layout-vert-cell_position_first"><div class="b-menu__item"><a class="b-link b-head-tabs__link" href="http://auto.yandex.ru">Авто</a></div></li><li class="b-menu__layout-vert-cell"><div class="b-menu__item"><a class="b-link b-head-tabs__link" href="http://ba.yandex.ru">Баян</a></div></li><li class="b-menu__layout-vert-cell"><div class="b-menu__item"><a class="b-link b-head-tabs__link" href="https://money.yandex.ru">Деньги</a></div></li><li class="b-menu__layout-vert-cell"><div class="b-menu__item"><a class="b-link b-head-tabs__link" href="http://yaca.yandex.ua">Каталог</a></div></li><li class="b-menu__layout-vert-cell"><div class="b-menu__item"><a class="b-link b-head-tabs__link" href="http://market.yandex.ua">Маркет</a></div></li><li class="b-menu__layout-vert-cell"><div class="b-menu__item"><a class="b-link b-head-tabs__link" href="http://narod.yandex.ru">Народ</a></div></li><li class="b-menu__layout-vert-cell"><div class="b-menu__item"><a class="b-link b-head-tabs__link" href="http://news.yandex.ua">Новини</a></div></li><li class="b-menu__layout-vert-cell"><div class="b-menu__item"><a class="b-link b-head-tabs__link" href="http://pdd.yandex.ua">Пошта для доменy</a></div></li><li class="b-menu__layout-vert-cell"><div class="b-menu__item"><a class="b-link b-head-tabs__link" href="http://company.yandex.ru/technology/server/">Сервер</a></div></li><li class="b-menu__layout-vert-cell"><div class="b-menu__item"><a class="b-link b-head-tabs__link" href="http://xml.yandex.ru">XML</a></div></li><li class="b-menu__layout-vert-separator"><i class="b-menu__separator"></i></li><li class="b-menu__layout-vert-cell b-menu__layout-vert-cell_position_last"><div class="b-menu__item"><a class="b-link b-head-tabs__link" href="http://www.yandex.ua/all">Всі сервіси</a></div></li></ul></div>
                </div></td></tr></table></div>
            </div></td></tr></table><!--/noindex--><!--noindex--><div class="b-head-line"><noscript class="b-no-js">з вимкненим javascript сервіс може працювати некоректно!</noscript><span class="b-head-line__path"><a href="/?tab=1">вебмайстер</a></span></div><!--/noindex--><div class="b-head-menu"><table class="b-hmenu"><tr><td class="b-hmenu__item item first"><a href="/sites/">Мої сайти</a></td><td class="b-hmenu__item item last"><a href="/site/add.xml">Додати сайт</a></td></tr></table> </div> </td><td class="l-head__gr"><i class="l-head__gap"></i></td><td class="l-head__r"><!--noindex--><table class="b-head-userinfo"><tr><td class="b-head-userinfo__td"></td><td class="b-head-userinfo__entry"><a class="b-pseudo-link" href="http://passport.yandex.ru/passport?mode=auth&amp;msg=webmaster&amp;retpath=http%3A%2F%2Fwebmaster.yandex.ua" onmousedown="Lego.ch('webmaster.login.enter',this)">Увійти</a><form class="b-domik b-domik_type_popup g-js g-hidden" action="http://passport.yandex.ru/passport?mode=auth&amp;from=webmaster&amp;retpath=http%3A%2F%2Fwebmaster.yandex.ua" method="post" onclick="return {name:'b-domik_type_popup',title:'',register:''}"><input name="login"><input name="passwd" type="password"><input name="twoweeks" type="checkbox" value="yes"></form></td></tr><tr><td class="b-head-userinfo__td" colspan="2"><div class="b-head-userinfo__help"><a class="b-head-userinfo__link" href="http://help.yandex.ua/webmaster/">Допомога</a></div></td></tr><tr><td class="b-head-userinfo__td" colspan="2"></td></tr><tr><td class="b-head-userinfo__td" colspan="2"></td></tr></table><!--/noindex--></td><td class="l-head__g"><i class="l-head__gap"></i></td></tr></table><table class="l-page l-page_layout_76-16"><tbody><tr><td class="l-page__gap"><i></i></td><td class="l-page__left"><div class="b-page-title"><h1 class="b-page-title__title">Валідатор мікророзмітки</h1></div>
    <div class="b-attentions"><div class="attention attention_info"><div class="b-with-icon"><i class="b-icon b-icon_custom"><i></i></i><div class="error-message b-static-text">
        <p>Валідатор мікророзмітки дозволяє перевірити семантичну розмітку, впроваджену на вашому сайті, і переконатися в тому, що роботи пошукових систем зможуть отримати структуровані дані.</p>
<p>Зараз у валідаторі можна перевірити всі популярні формати мікророзмітки: мікродані (microdata), <a href="http://help.yandex.ua/webmaster/?id=1122999">schema.org</a>, <a href="http://help.yandex.ua/webmaster/?id=1115999">мікроформати</a>, OpenGraph, RDFa. Однак спеціальні сніпети та використання розмічених даних в сервісах передбачено не для всіх форматів. Докладніше про те, які структуровані дані використовує Яндекс, ви можете прочитати у <a href="http://help.yandex.ua/webmaster/?id=1115624">розділах Допомоги</a>.</p>
<p>Докладніше про валідатор читайте в <a href="http://help.yandex.ru/webmaster/?id=1127400">спеціальному розділі Допомоги</a>.</p>

    </div></div></div></div>
    
        <div class="b-microvalidator mvc-view-placeholder "></div>
    
</td><td class="l-page__gap-right"><i></i></td><td class="l-page__right">
		
		<hr class="b-separator"><ul class="b-vmenu b-vmenu_theme_ffde98 b-vmenu_style_round g-js more" onclick="return {name:'b-vmenu'}"><li class="item"><a href="/addurl.xml">Повідомити про новий сайт</a></li><li class="item"><a href="/check.xml">Перевірити сайт</a></li><li class="item"><a href="/robots.xml">Перевірити robots.txt</a></li><li class="item"><a href="/spellcheck.xml">Перевірити орфографію</a></li><li class="item"><a href="/delspam.xml">Поскаржитися на спам чи віруси</a></li><li class="item"><a href="/delurl.xml">Видалити URL</a></li><li class="item"><div class="current"><i class="b-round b-round_radius_7"><i class="l t"><i></i></i><i class="r t"><i></i></i></i><strong>Перевірити мікророзмітку</strong><i class="b-round b-round_radius_7"><i class="l b"><i></i></i><i class="r b"><i></i></i></i></div></li><li class="item"><a href="/xsdtest.xml">Перевірити XML-фід</a></li><li class="item"><a href="/sitemaptest.xml">Перевірити файл Sitemap</a></li></ul><ul class="b-vmenu b-vmenu_theme_ffde98 b-vmenu_style_round g-js more" onclick="return {name:'b-vmenu'}"></ul>
		
	</td><td class="l-page__gap"></td></tr></tbody></table><div id="yandex_ad" style="margin: 45px 2% 0"></div><div class="b-foot" role="contentinfo"><table class="b-foot__layout"><tr><td class="b-foot__layout__gap"><i class="b-foot__layout__gap__i"></i></td><td class="b-foot__layout__column b-foot__layout__column_left"></td><td class="b-foot__layout__column">
        
        
          
          
          <div class="b-dropdowna b-dropdowna_is-bem_yes i-bem" onclick="return {'b-dropdowna':{name:'b-dropdowna'}}">
            <span class="b-dropdowna__switcher b-lang-switcher__switcher">
              
              
              <span class="b-pseudo-link b-pseudo-link_is-bem_yes i-bem b-lang-switcher__lang" onclick="return {'b-pseudo-link':{name:'b-pseudo-link'}}"><img class="b-ico b-lang-switcher__flag b-country-flag b-country-flag_size-16_ua" src="//yandex.st/lego/_/La6qi18Z8LwgnZdsAr1qy1GwCwo.gif" alt="ua">Ua</span>
            </span>
            
            <div class="b-popupa b-popupa_theme_ffffff b-popupa_direction_up b-popupa_is-bem_yes i-bem b-dropdowna__popup" onclick="return {'b-popupa':{name:'b-popupa'}}"><i class="b-popupa__tail"><i class="b-popupa__tail-i"></i></i><i class="b-popupa__shadow"></i><table class="b-popupa__wrap" cellpadding="0" cellspacing="0"><tr><td class="b-popupa__wrap-cell"><div class="b-popupa__content b-lang-switcher__popup-content">
                
                
                <div class="b-menu b-menu_layout_vert b-menu_preset_vmenu b-dropdowna__menu b-lang-switcher__menu"><ul class="b-menu__layout-vert"><li class="b-menu__layout-vert-cell b-menu__layout-vert-cell_position_first"><li class="b-menu__layout-vert-separator"><li class="b-menu__layout-vert-cell"><div class="b-menu__item"><a class="b-lang-switcher__lang" href="http://tune.yandex.ua/api/lang/v1.1/save.xml?intl=ru&amp;retpath=http%3A%2F%2Fwebmaster.yandex.ua%2Fmicrotest.xml&amp;sk=yee85894989c6c8e06cbe759e082c9b15" style="text-decoration: none"><img class="b-ico b-lang-switcher__flag b-country-flag b-country-flag_size-16_ru" src="//yandex.st/lego/_/La6qi18Z8LwgnZdsAr1qy1GwCwo.gif" alt="ru"><span class="b-lang-switcher__lang-name">Ru</span></a></div></li><li class="b-menu__layout-vert-cell"><div class="b-menu__item"><a class="b-lang-switcher__lang" href="http://tune.yandex.ua/api/lang/v1.1/save.xml?intl=en&amp;retpath=http%3A%2F%2Fwebmaster.yandex.ua%2Fmicrotest.xml&amp;sk=yee85894989c6c8e06cbe759e082c9b15" style="text-decoration: none"><img class="b-ico b-lang-switcher__flag b-country-flag b-country-flag_size-16_en" src="//yandex.st/lego/_/La6qi18Z8LwgnZdsAr1qy1GwCwo.gif" alt="en"><span class="b-lang-switcher__lang-name">En</span></a></div></li><li class="b-menu__layout-vert-cell"><div class="b-menu__item"><img class="b-ico b-lang-switcher__flag b-country-flag b-country-flag_size-16_ua" src="//yandex.st/lego/_/La6qi18Z8LwgnZdsAr1qy1GwCwo.gif" alt="ua">Ua</div></li><li class="b-menu__layout-vert-cell b-menu__layout-vert-cell_position_last"></ul></div>
              </div></td></tr></table></div>
          </div>
        
      </td><td class="b-foot__layout__column b-foot__layout__column_penultima">
        
        <div class="b-foot__links"><a class="b-foot__link" href="http://company.yandex.ru">
            Про компанію
          </a></div>
      </td><td class="b-foot__layout__column b-foot__layout__column_right">
        <div class="b-copyright">© 2004–2013 «<a class="b-copyright__link" href="http://www.yandex.ua">Яндекс</a>»</div>
        
      </td><td class="b-foot__layout__gap"><i class="b-foot__layout__gap__i"></i></td></tr></table></div><script type="text/javascript">mvc.obj("page",[["support","title","name","host","faq-domain","domain"],["page",false,"i18n:webmaster.microtest.title","microtest","webmaster.yandex.ua","help.yandex.ua","ua",null]]);
mvc.obj("mvc-config",[["project","lang","langs","logger","use-sk","i18n-path"],["mvc-config","webmaster","uk","ru,uk,en,tr",false,true,"\/i18n",null]]);
mvc.obj("user",[["sk","auth"],["user","yee85894989c6c8e06cbe759e082c9b15",false,null]]);
mvc.obj("microvalidator",[[],["microvalidator",null]]);
mvc.load(["page",null]);mvc.load(["microvalidator",null]);$(mvc).trigger("mvc:dataLoad");</script></div></body></html>
